wmic_os,wmic.exe,os get Caption
wevtutil,wevtutil.exe,el
net_user,net.exe,user
netsh_firewall,netsh.exe,firewall show state
fsutil,fsutil.exe,fsinfo drives
driverquery,driverquery.exe,
openfiles,openfiles.exe,/query
quser,quser.exe,
pathping,pathping.exe,8.8.8.8
getmac,getmac.exe,
powercfg,powercfg.exe,/list
bcdedit,bcdedit.exe,/enum
sc,sc.exe,query
icacls,icacls.exe,C:\Windows
cipher,cipher.exe,/H C:\
auditpol,auditpol.exe,/get /category:*
nltest,nltest.exe,/dclist:
gpupdate,gpupdate.exe,/force
nbtstat,nbtstat.exe,-a 127.0.0.1
tracert,tracert.exe,8.8.8.8
arp,arp.exe,-a
systeminfo,systeminfo.exe,
getmac,getmac.exe,
net_view,net.exe,view
net_config_workstation,net.exe,config,workstation
netsh_interface_ipv4_show_config,netsh.exe,interface,ipv4,show,config
wmic_process_get_commandline,wmic.exe,process,get,CommandLine
wmic_product_get_name_version,wmic.exe,product,get,name,version
