wmic_baseboard,wmic.exe,baseboard get Product,Manufacturer,Version
wmic_diskdrive,wmic.exe,diskdrive get Model,Size
wmic_logicaldisk,wmic.exe,logicaldisk get DeviceID,Size,FreeSpace
wmic_networkadapter,wmic.exe,networkadapter get Name,MACAddress
wmic_printjob,wmic.exe,printjob get Document,Owner,JobStatus
wmic_qfe,wmic.exe,qfe get HotFixID,InstalledOn
wmic_quickfixengineering,wmic.exe,quickfixengineering get HotFixID,InstalledOn
wmic_service,wmic.exe,service get DisplayName,State,StartMode
wmic_startup,wmic.exe,startup get Caption,Command,Location
wmic_timezone,wmic.exe,timezone get Description,StandardName
wmic_useraccount,wmic.exe,useraccount get Name,Domain
wmic_volume,wmic.exe,volume get Caption,FileSystem,FreeSpace
wmic_environment,wmic.exe,environment get Name,VariableValue
wmic_logicaldiskto,wmic.exe,logicaldiskto get Antecedent,Dependent
wmic_shadowcopy,wmic.exe,shadowcopy get ID,InstallDate
wmic_shadowstorage,wmic.exe,shadowstorage get AllocatedSpace,MaxSpace
wmic_timezone_ex,wmic.exe,timezone_ex get DaylightName,StandardName
wmic_process_call,wmic.exe,process call create "cmd.exe /c echo Hello, world!"
wmic_process_delete,wmic.exe,process where "name='notepad.exe'" delete
wmic_process_list,wmic.exe,process list brief
wmic_process_list_full,wmic.exe,process list full
wmic_process_signal,wmic.exe,process where "name='notepad.exe'" call Terminate
wmic_process_startup,wmic.exe,process where "name='notepad.exe'" get CommandLine
wmic_process_startup_ex,wmic.exe,process where "name='notepad.exe'" call SetPriority 128
wmic_service_change,wmic.exe,service where "name='WinRM'" call ChangeStartMode "Manual"
wmic_service_pause,wmic.exe,service where "name='WinRM'" call PauseService
wmic_service_resume,wmic.exe,service where "name='WinRM'" call ResumeService
wmic_service_start,wmic.exe,service where "name='WinRM'" call StartService
wmic_service_stop,wmic.exe,service where "name='WinRM'" call StopService
wmic_service_system,wmic.exe,service where "systemname='localhost'" get DisplayName,State
wmic_shadowcopy_call,wmic.exe,shadowcopy call create Volume="C:\"
wmic_shadowcopy_delete,wmic.exe,shadowcopy where "ID='{ID}'" delete
wmic_shadowstorage_assoc,wmic.exe,shadowstorageassoc get Antecedent,Dependent
wmic_shadowstorage_set,wmic.exe,shadowstorage set MaxSize=20%
assoc,assoc.exe,
ftype,ftype.exe,
reg_query,reg.exe,query,"HKLM\SOFTWARE\Microsoft\Windows\CurrentVersion\
nslookup_set,nslookup.exe,set,type=MX
nslookup_server,nslookup.exe,server,8.8.8.8
net_view_domain,net.exe,view,/domain
net_share,net.exe,share
net_session,net.exe,session
net_statistics,net.exe,statistics,workstation
net_use,net.exe,use
net_time,net.exe,time,/domain
net_config_server,net.exe,config,server
netsh_advfirewall,netsh.exe,advfirewall,show,allprofiles
netsh_diag,netsh.exe,diag,ping,adapter
netsh_dump,netsh.exe,dump
netsh_wlan,netsh.exe,wlan,show,profiles
netsh_wlan_interfaces,netsh.exe,wlan,show,interfaces
netsh_wlan_networks,netsh.exe,wlan,show,networks
netsh_int_ip_reset,netsh.exe,int,ip,reset
netsh_int_ipv4_reset,netsh.exe,int,ipv4,reset
netsh_int_ipv6_reset,netsh.exe,int,ipv6,reset
netsh_winsock_reset,netsh.exe,winsock,reset
set,set.exe,
ver,ver.exe,
vol,vol.exe,
typeperf,typeperf.exe,"\Processor(_Total)% Processor Time"
schtasks,schtasks.exe,/query
qprocess,qprocess.exe,*
tasklist_v,tasklist.exe,/v
tasklist_svc,tasklist.exe,/svc
tasklist_m,tasklist.exe,/m
tasklist_fi,tasklist.exe,/fi,"STATUS eq RUNNING"
find,find.exe,/c,"hello" "file.txt"
xcopy,xcopy.exe,C:\source* C:\destination /E /I
tree,tree.exe,C:\
mkdir,mkdir.exe,new_directory
rmdir,rmdir.exe,directory_to_remove
del,del.exe,*.txt
attrib,attrib.exe,+R,+S,+H myfile.txt
doskey,doskey.exe,history
time,time.exe,
date,date.exe,
hostname,hostname.exe,
diskpart,diskpart.exe,list,disk
fsutil_file,fsutil.exe,file,queryfileid myfile.txt
fsutil_volume,fsutil.exe,volume,dismount D:
fsutil_behavior,fsutil.exe,behavior,query
fsutil_usn,fsutil.exe,usn,readjournal C:
fsutil_quota,fsutil.exe,quota,query C:
compact,compact.exe,/q
vssadmin_list_shadows,vssadmin.exe,list,shadows
vssadmin_list_providers,vssadmin.exe,list,providers
vssadmin_list_writers,vssadmin.exe,list,writers
gpresult_h,gpresult.exe,/h,report.html
gpresult_x,gpresult.exe,/x,report