notepad.exe,
ping.exe,8.8.8.8
ipconfig.exe,
netstat.exe,
tasklist.exe,
taskkill.exe,/IM notepad.exe
systeminfo.exe,
sfc.exe,/VERIFYONLY
gpresult.exe,/R
whoami.exe,
nslookup.exe,google.com
robocopy.exe,C:\ C:\temp /E /L
findstr.exe,/I "Windows" C:\Windows\System32\drivers\etc\hosts
reg.exe,query "HKLM\SOFTWARE\Microsoft\Windows\CurrentVersion"
wmic.exe,os get Caption
wevtutil.exe,el
net.exe,user
netsh.exe,firewall show state
fsutil.exe,fsinfo drives
driverquery.exe,
assoc.exe,
typeperf.exe,"\Processor(_Total)\% Processor Time" -sc 5
openfiles.exe,/query
rasdial.exe,
quser.exe,
pathping.exe,8.8.8.8
getmac.exe,
powercfg.exe,/list
bcdedit.exe,/enum
sc.exe,query
icacls.exe,C:\Windows
cipher.exe,/H C:\
auditpol.exe,/get /category:*
nltest.exe,/dclist:
dcdiag.exe,/test:replications
dnscmd.exe,/info
repadmin.exe,/showrepl
csvde.exe,-f output.csv -r (objectClass=user) -l displayName,mailNickname,mail -j . -t 3268
ldifde.exe,-f output.ldif -s localhost -r (objectClass=user) -l displayName,mailNickname,mail
dsquery.exe,user
dsget.exe,user "CN=Administrator,CN=Users,DC=domain,DC=com"
dsmod.exe,user "CN=Administrator,CN=Users,DC=domain,DC=com" -disabled no
dsrm.exe,"CN=TestUser,OU=TestOU,DC=domain,DC=com"
dsadd.exe,user "CN=TestUser,OU=TestOU,DC=domain,DC=com" -samid TestUser -upn TestUser@domain.com -fn Test -ln User -display "Test User" -pwd 123456
gpupdate.exe,/force
nbtstat.exe,-a 127.0.0.1
tracert.exe,8.8.8.8
arp.exe,-a
systeminfo.exe,
getmac.exe,
